county_number,County Name,composite,literacy,numeracy,alg_1,alg_2,bio,chem,ela,eng_1,eng_2,eng_3,math,science,enrollment,black,hispanic,native,el,swd,ed,expenditures,act_composite,chronic_abs,suspended,expelled,grad,est_count_total,est_count_total_never_married,est_count_total_now_married_except_separated,est_count_total_divorced,est_count_total_separated,est_count_total_widowed,est_count_total_born_in_state_of_residence,est_count_total_born_in_state_of_residence_never_married,school_year,k_8_attendance_rate_pct,k_8_promotion_rate_pct,attendance_rate_pct,never_married_per_capita,married_not_sep_per_capita,divorced_per_capita,separated_per_capita,widowed_per_capita,born_in_state_of_residence_per_capita,born_in_state_of_residence_never_married_per_capita,graduate_category
1,Anderson County,1,1,3,76.1,63.3,73.6,41,45.7,73.7,59.2,38.2,54,64.5,6304,2.8,1.1,0.5,0.2,18,58.5,9535.7,19.9,11.5,5,0.1,94,62272,16423,30396,8711,1617,5125,38074,11251,2015,95.3,99.5,94.9,0.2637301,0.4881166,0.13988631,0.025966727,0.08230023,0.6114144,0.1806751,Medium
1,Anderson County,5,5,5,101.18952,76.40456,77.75467,56.695062,58.3,78.17638,79.24535,58.52373,68.9,69.6,894,5.7,2.8,0.3,1,18.1,63.4,9537.5,22.37554,8.8,1.2,0,94.02551,62272,16423,30396,8711,1617,5125,38074,11251,2015,95.7,98.8,95.1022,0.2637301,0.4881166,0.13988631,0.025966727,0.08230023,0.6114144,0.1806751,Medium
1,Anderson County,1,3,1,76.9,72,83.5,80.9,56.1,86.7,74.6,53.8,55.3,70.8,4326,16.6,8,0.7,3,14.3,52.5,12355.5,23.1,17.5,5.7,0,89.7,62272,16423,30396,8711,1617,5125,38074,11251,2015,95.1,98.6,95.3,0.2637301,0.4881166,0.13988631,0.025966727,0.08230023,0.6114144,0.1806751,Low
3,Bedford County,3,5,2,64.3,42.4,62.1,32.5,44.1,72.3,63.1,44.6,53.1,61.8,8270,11.2,20.6,0.5,9.4,10.9,69.9,7756.2,18.4,8.6,2.2,0,90.8,35926,8968,19472,4577,872,2037,21306,5294,2015,95.6,99.9,95,0.2496242,0.542003,0.12740077,0.024272115,0.05669988,0.5930524,0.1473585,Medium
5,Benton County,3,3,5,73.7,58.4,77.1,33.1,46,75.4,60.8,45.6,53.9,65,2133,3.9,2.1,0.3,0,18.8,50.2,9714.2,18.4,6.5,0,0,94.5,13695,2925,7138,2048,139,1445,8194,2002,2015,96.5,99.2,95.7,0.2135816,0.5212121,0.14954363,0.01014969,0.10551296,0.5983206,0.1461847,Medium
7,Bledsoe County,1,1,1,64.8,73.9,73,19.5,35.4,63.6,53.3,50,41.1,56.2,1674,1.5,6.8,0.6,2.3,19.7,83.5,9495.9,19.2,9.1,2.4,0.1,92.4,11518,2910,5840,1757,278,733,7485,1931,2015,95.3,99.5,94.4,0.252648,0.5070325,0.15254384,0.024136135,0.06363952,0.6498524,0.1676506,Medium
9,Blount County,1,1,1,73.2,59.8,65.1,45.4,46.3,71.8,66,45.3,50.5,68.4,10500,3,4.2,0.4,1.9,12.8,54.2,8866.9,19.7,17,4.7,0.1,89.1,103228,23894,57615,12926,1780,7013,58139,14464,2015,94.2,99,93.3,0.2314682,0.5581335,0.12521796,0.017243384,0.06793699,0.5632096,0.140117,Low
9,Blount County,2,4,3,82.2,76.8,88,66,50.2,85.5,79.6,67.2,56.6,65.1,1850,23.3,9.5,0.6,2.7,13,49.4,10320,22,4.7,3.1,0.1,98.2,103228,23894,57615,12926,1780,7013,58139,14464,2015,96.3,97.5,96.8,0.2314682,0.5581335,0.12521796,0.017243384,0.06793699,0.5632096,0.140117,High
9,Blount County,5,5,5,83.8,77.3,92.1,80.4,69.6,89.9,82.7,68.1,70.2,87.1,4944,4.2,4,0.2,2.8,13.2,32.1,10161.2,23,2,2.7,0,96.6,103228,23894,57615,12926,1780,7013,58139,14464,2015,96.9,99.5,97.9,0.2314682,0.5581335,0.12521796,0.017243384,0.06793699,0.5632096,0.140117,High
11,Bradley County,5,5,5,71.97891,59.5,64.1,55.7,52.4,74.4,66.3,38.2,57.1,65.9,9801,3.6,4.3,0.3,1.6,11.3,55.1,8429.3,18.8,16,3.9,0.1,93.1,83140,21047,42947,12030,1584,5532,44958,12625,2015,94.8,99.8,93.2,0.2531513,0.5165624,0.14469569,0.019052201,0.06653837,0.5407505,0.1518523,Medium
11,Bradley County,5,5,5,62.7,41.6,51,47.3,46,71,61.3,48.7,51.4,58.9,5184,15,18.8,0.3,8.2,14.4,69.5,9239.2,18.9,15.3,7,0,84.1,83140,21047,42947,12030,1584,5532,44958,12625,2015,94.6,99.7,94,0.2531513,0.5165624,0.14469569,0.019052201,0.06653837,0.5407505,0.1518523,Low
13,Campbell County,1,1,1,71.6,22,48.9,16.1,36.7,60.5,51.1,39.8,45,51.2,5387,0.4,1.2,0.2,0.6,13.5,70.7,8290.1,17.2,18.1,4.6,0,87.6,33309,7240,17110,4448,1110,3401,22296,5451,2015,95.1,96.5,91.1,0.2173587,0.513675,0.13353748,0.033324327,0.10210454,0.6693686,0.1636495,Low
15,Cannon County,1,1,1,46.33711,52.5,66.9,26,45.1,65.7,61.2,23.8,49.8,62.9,1944,1.7,2.3,0.3,0.5,16.2,55.3,8401.6,18.6,14.5,1.7,0,95.1,11346,2327,5891,1891,313,924,7383,1782,2015,95.3,98.2,95.6,0.2050943,0.5192138,0.16666667,0.027586815,0.08143839,0.6507139,0.1570598,High
17,Carroll County,3,3,2,78.3,62.2,50,35.9,36.8,76.2,47.4,42,47.5,62.5,623,9.4,2.3,0.3,0,20.9,76,8332.4,18,3.7,0.6,0,93.2,23318,5882,11763,3224,321,2128,16510,4319,2015,97.2,95.3,97,0.2522515,0.5044601,0.13826229,0.013766189,0.09125997,0.7080367,0.1852217,Medium
17,Carroll County,5,5,5,72.9,82.8,59.6,21.5,58,67.4,72.7,72.2,76.1,75,1193,18.4,1,0.2,0,18.1,45.2,8158.4,18.7,5.3,0.1,0.1,94.4,23318,5882,11763,3224,321,2128,16510,4319,2015,96.6,93.8,96.8,0.2522515,0.5044601,0.13826229,0.013766189,0.09125997,0.7080367,0.1852217,Medium
17,Carroll County,3,3,3,77.8,68.1,70.8,64.2,56.1,74.8,75.6,59.8,64.3,74.4,1316,15.6,4.9,0.1,1.6,14.3,58.6,7756.1,20.1,2,1.2,0,97.1,23318,5882,11763,3224,321,2128,16510,4319,2015,97.7,99.6,99,0.2522515,0.5044601,0.13826229,0.013766189,0.09125997,0.7080367,0.1852217,High
17,Carroll County,5,3,5,83.3,81.5,65.4,54.5,53.4,71.4,69,56.7,58.1,78.4,346,8.3,1.6,0,0.3,16.1,63.8,9253,17.8,9.1,0,0.3,96.6,23318,5882,11763,3224,321,2128,16510,4319,2015,95.9,99.1,95.9,0.2522515,0.5044601,0.13826229,0.013766189,0.09125997,0.7080367,0.1852217,High
17,Carroll County,3,1,5,60.8,54.5,73.8,66,40.9,79.1,67.5,30.8,48.1,70,908,11.2,1.5,1.1,0,20.6,68.7,8573,18.9,17.4,2.1,0.6,90.7,23318,5882,11763,3224,321,2128,16510,4319,2015,95.9,99,94.8,0.2522515,0.5044601,0.13826229,0.013766189,0.09125997,0.7080367,0.1852217,Medium
19,Carter County,5,5,5,64.24968,68.54754,70.3,23.5,40.4,69,68.9,43.1,46.8,64.1,5162,1.5,1.9,0.6,0.5,17,76.6,9133.9,18.3,16.9,3.1,0,88.6,47808,10175,25457,6956,1152,4068,30720,6881,2015,95.3,98,90.9,0.2128305,0.5324841,0.14549866,0.024096386,0.08509036,0.6425703,0.1439299,Low
21,Cheatham County,5,3,4,77.8,59.4,83.8,39.1,56.7,79,67.6,56.6,63.1,78.3,2358,4.2,2,0.4,1,16.3,54.1,9537.4,21.4,13.8,3.2,0,96.6,31655,7539,17279,4158,589,2090,20538,5703,2015,95.4,100,94,0.2381614,0.5458537,0.13135366,0.018606855,0.06602432,0.6488075,0.1801611,High
21,Cheatham County,2,2,5,60.1752,48.1764,73.3,53.1,46.4,75.5,57.7,47.9,55.7,66.4,6240,2.6,3.6,0.4,1.1,15.3,49.1,8412.6,20.8,13.4,5.8,0.1,91.2,31655,7539,17279,4158,589,2090,20538,5703,2015,95.1,98.5,92.3,0.2381614,0.5458537,0.13135366,0.018606855,0.06602432,0.6488075,0.1801611,Medium
23,Chester County,5,4,5,73.6,63.3,76.8,55.6,53.7,72.9,73.1,54.1,66.5,78,2774,13.8,3,0.5,0.1,10,40,7681.2,19.7,12.6,0,0,88.4,14293,4344,6942,1529,209,1269,9451,3017,2015,95,97,93.6,0.303925,0.4856923,0.10697544,0.014622543,0.08878472,0.6612328,0.2110823,Low
25,Claiborne County,1,1,1,52.1,21.6,53.4,24.3,42.7,70.2,59.5,38.1,52.4,56.7,4313,1.8,1.2,0.3,0.2,13.8,77,9283.4,17.7,20.2,4.6,0,95.3,26669,6442,13954,3344,733,2196,11755,3418,2015,93.9,99.3,91,0.2415539,0.5232292,0.12538903,0.027485095,0.0823428,0.4407739,0.1281638,High
27,Clay County,3,2,3,68,81.4,65.8,31.8,33.5,60,57.9,35.9,40,54,1024,1.8,2.1,0.3,0.3,16.2,70.7,9237.5,18.4,9.8,0.5,0,96.8,6512,1175,3901,891,70,475,3953,835,2015,95.7,98.97587,92.8,0.1804361,0.5990479,0.13682432,0.010749386,0.07294226,0.6070332,0.1282248,High
29,Cocke County,1,1,1,60.2,33.5,59.5,34.1,42.7,62.7,56.6,27,59.1,65.3,4456,3.7,3.2,0.2,0.6,16.1,76.2,9246.6,18.3,14.9,6.1,0.1,93.9,29228,6104,14937,4631,982,2574,18853,4332,2015,94.6,98.1,93.3,0.2088408,0.511051,0.15844396,0.03359792,0.08806624,0.6450322,0.148214,Medium
29,Cocke County,1,3,1,87.96898,90.55417,82.80064,66.490249,56.9,76.40642,75.11586,41.31259,55.3,84.6,717,7.1,3,0.5,0.8,14.4,58,9216.2,21.60278,11.8,0.1,0,107.71305,29228,6104,14937,4631,982,2574,18853,4332,2015,94.8,98.8,96.23581,0.2088408,0.511051,0.15844396,0.03359792,0.08806624,0.6450322,0.148214,Very High
31,Coffee County,5,4,5,69.8,76.3,67,31.5,47.6,76.2,64.5,40.5,57.6,66.1,4308,2.7,5.2,0.2,1.3,13.9,57.4,9068.1,20,16.5,1.7,0,88.9,42870,9374,23063,5995,1284,3154,24155,6129,2015,95,99.5,93.2,0.2186611,0.5379753,0.13984138,0.029951015,0.07357126,0.5634476,0.1429671,Low
31,Coffee County,1,5,1,84.07778,91.24952,86.01102,81.562112,53.6,73.31166,70.45626,63.77873,59,71.8,1211,5.8,14.6,0.5,10,20.9,23.6,12309.4,24.81949,10.2,0.4,0,95.38716,42870,9374,23063,5995,1284,3154,24155,6129,2015,98.5,98.7,91.10097,0.2186611,0.5379753,0.13984138,0.029951015,0.07357126,0.5634476,0.1429671,High
31,Coffee County,2,3,3,69.1,45.6,72.3,50.2,46.1,80.2,65.4,53.7,53.2,62.1,3275,11.8,5.9,0.4,1.5,16.2,46,10177.5,22.4,13.5,4.3,0,90.9,42870,9374,23063,5995,1284,3154,24155,6129,2015,97.7,99.5,94.7,0.2186611,0.5379753,0.13984138,0.029951015,0.07357126,0.5634476,0.1429671,Medium
33,Crockett County,3,2,3,78,63.5,77.9,43.7,48.8,71.6,65.5,50,57.2,67.3,1932,13.7,14.4,0.1,0.4,11.6,62.4,8093.5,19.1,4.2,0,0.1,95.9,11622,2658,5795,1771,395,1003,8509,2044,2015,96.5,100,98.5,0.2287042,0.4986233,0.15238341,0.033987266,0.08630184,0.7321459,0.1758733,High
33,Crockett County,5,4,3,76.66715,69.38326,55.2471,49.178019,53.5,64.36836,57.89993,51.0269,62.8,74.6,578,11.6,16.7,0,1.1,11.4,69.9,8669.4,17.93184,7.8,0.2,0,88.67339,11622,2658,5795,1771,395,1003,8509,2044,2015,95.7,98,97.23439,0.2287042,0.4986233,0.15238341,0.033987266,0.08630184,0.7321459,0.1758733,Low
33,Crockett County,5,5,2,105.59555,43.40999,86.80854,101.355771,60.8,85.69228,74.73151,50.39456,60.8,79.5,365,16.3,21,0,13.2,13.2,74.1,8817.6,21.38,3.2,0.2,0,95.98672,11622,2658,5795,1771,395,1003,8509,2044,2015,95.9,100,98.8607,0.2287042,0.4986233,0.15238341,0.033987266,0.08630184,0.7321459,0.1758733,High
35,Cumberland County,3,3,3,84.3,63.5,72.5,52.1,52,79.7,65.4,54,58.9,71.2,7067,1.3,4.7,0.3,1.8,15.9,63.8,8490.6,19.6,11.7,0.7,0,93,48924,8661,27872,6821,1401,4169,22173,5345,2015,95.9,97.7,93.4,0.1770297,0.5696999,0.13942033,0.028636252,0.0852138,0.4532131,0.1092511,Medium
37,Davidson County,5,5,1,65.9,40.4,51.7,36.8,39.4,63.7,56.3,29.9,45.4,49.2,79934,44.3,20.7,0.2,16.2,12.4,75.3,11496.3,18.7,14.5,10.7,0.4,78.7,536224,212099,217035,68011,12319,26760,238846,102693,2015,95.3,99.4,91.8,0.3955418,0.4047469,0.12683319,0.022973608,0.04990452,0.4454221,0.1915114,Low
39,Decatur County,1,1,2,70.2,44.3,72.7,42.9,47.1,73.8,69.7,61.1,59.7,71.1,1529,4.2,4.7,0.2,1.1,18.9,57.7,8907.4,18.6,19.3,0.2,0.1,94.4,9676,1872,5429,1263,234,878,6678,1404,2015,94.2,98.1,95.8,0.1934684,0.561079,0.13052914,0.024183547,0.09073998,0.6901612,0.1451013,Medium
41,DeKalb County,4,4,3,52.9,55.6,72.1,53.9,45.7,73.4,72,31,54.4,65.9,2849,1.8,11.3,0.1,5.3,14.4,64.4,7982.5,17.7,13.9,3.8,0,94.9,15636,4129,7833,2259,357,1058,9580,2629,2015,97.9,100,97.1,0.2640701,0.5009593,0.14447429,0.022831926,0.06766436,0.6126887,0.1681376,Medium
43,Dickson County,1,1,1,68.4,56.6,69.6,42.8,52.2,82.8,71.7,44.5,59.6,75.8,8120,8.1,4.9,0.6,1.6,16.2,53.1,8472.8,21,12.2,0.5,0,90.7,40545,10449,21289,5370,834,2603,25989,7551,2015,95,99.2,93.4,0.2577137,0.5250709,0.13244543,0.020569737,0.06420027,0.6409915,0.1862375,Medium
45,Dyer County,5,5,5,88.4,77.7,80.8,58,54.7,75,68.5,54.3,63.8,73.4,3739,7.1,3.1,0.2,0.1,11.1,60.1,8483,21.3,9.6,0,0,95,30459,7159,15746,4592,608,2354,20755,4965,2015,95.4,99.3,94.2,0.2350373,0.5169572,0.15076004,0.019961259,0.07728422,0.6814078,0.163006,High
45,Dyer County,5,5,5,66.4,67.6,69.4,49.7,46,70.5,67.2,22.5,57.4,60.8,2456,43.8,5,0.3,0.1,15.9,72.5,9968.2,21.7,12.4,9.2,0,83.2,30459,7159,15746,4592,608,2354,20755,4965,2015,95.5,99.6,94.5,0.2350373,0.5169572,0.15076004,0.019961259,0.07728422,0.6814078,0.163006,Low
47,Fayette County,5,5,2,39.7,14.7,56.1,20.2,32.6,58.9,53.2,35.4,36.1,41.1,3220,58.8,5,0.1,2.3,13.9,80.6,9125.9,16.6,14.5,12.9,0,80.6,31973,7901,18042,3366,704,1960,21380,6441,2015,94.3,95.71616,91.6,0.2471148,0.5642886,0.10527633,0.022018578,0.06130172,0.6686892,0.2014512,Low
49,Fentress County,5,3,5,81.4,30.4,100,62.1,43.6,73.8,71.7,52.9,51.1,59.5,2092,0.5,1.2,0.1,0.5,16.5,74.7,9043.8,17.4,11.9,0,0,93.8,14794,3202,7843,2086,326,1337,10261,2378,2015,95,96.4,91.6,0.2164391,0.5301474,0.14100311,0.022035961,0.09037448,0.693592,0.1607408,Medium
49,Fentress County,5,5,5,79.5,69.8,70.4,24.3,59.61432,72.4,66,52.4,75.45462,77.20101,1912.25,0.3,1.3,0.5,0.2,10,61.9,8159.345,18.56057,20.8,0,0,81.3,14794,3202,7843,2086,326,1337,10261,2378,2015,96.98127,100,92.80486,0.2164391,0.5301474,0.14100311,0.022035961,0.09037448,0.693592,0.1607408,Low
51,Franklin County,2,2,1,64.5,53,61,29.7,42.2,71.2,62.6,41.2,45.8,58.2,5276,7.1,4.5,0.4,1,15.2,57.7,8610.1,18.7,12.8,4.1,0,89.1,34026,8214,17925,4618,767,2502,20456,4750,2015,95.1,99,93.6,0.2414036,0.526803,0.13571974,0.022541586,0.073532,0.6011873,0.1395991,Low
53,Gibson County,1,2,1,86.2,41.7,35.9,41.44609,26.6,53.1,41.4,19,38.4,43.8,1018,75.3,4.3,0.2,2.3,16.3,97.9,11121.5,15.9,17.4,0.4,0.1,68.5,39551,9510,19837,5680,859,3665,29401,7606,2015,93.9,97.7,94.8,0.240449,0.501555,0.14361205,0.021718793,0.09266517,0.7433693,0.1923087,Low
53,Gibson County,5,5,5,77.2,70.5,84.3,56.9,49.3,76,65,49.6,69.4,71.8,1888,27.2,3,0.4,0.6,17.2,62.9,8749.8,20.6,10.4,1.4,0,96.8,39551,9510,19837,5680,859,3665,29401,7606,2015,97.9,100,93.7,0.240449,0.501555,0.14361205,0.021718793,0.09266517,0.7433693,0.1923087,High
53,Gibson County,5,5,5,91.6,84.7,75.6,64.5,44.6,82.6,76,50.6,62.9,53.6,1278,28.2,6,0,0.1,12.7,66.1,8916.6,18.6,10.5,2.8,0,83.5,39551,9510,19837,5680,859,3665,29401,7606,2015,95.2,99.9,93.9,0.240449,0.501555,0.14361205,0.021718793,0.09266517,0.7433693,0.1923087,Low
53,Gibson County,5,5,5,94.4,92.6,87.9,66.7,56.5,81.8,68.4,70.4,73.4,75.4,499,6.1,0.6,0,0,17.3,62.8,10143.5,18.7,11.4,0.9,0,100,39551,9510,19837,5680,859,3665,29401,7606,2015,96.7,71.4,97,0.240449,0.501555,0.14361205,0.021718793,0.09266517,0.7433693,0.1923087,Very High
53,Gibson County,2,3,5,83.7,73.2,75.3,63,57.8,83.8,73.5,59.6,67.5,79.7,3832,7.8,2,0,0.4,13.3,42.3,7270,19.7,8.2,0,0,94.9,39551,9510,19837,5680,859,3665,29401,7606,2015,96.3,98.9,94,0.240449,0.501555,0.14361205,0.021718793,0.09266517,0.7433693,0.1923087,Medium
55,Giles County,3,2,3,64.8,56.6,51.3,33.4,45.3,74.5,56.2,36.4,48.2,62.8,3796,17.2,2.1,0.4,0.5,12.4,61.5,8952.3,18.2,27.6,3.1,0.4,87.2,23865,5757,12503,3044,675,1886,14470,3846,2015,95.9,99.1,93.8,0.2412319,0.5239053,0.12755081,0.028284098,0.07902787,0.6063273,0.1611565,Low
57,Grainger County,3,3,1,55.6,46.5,55.9,36.7,37.9,62.2,51.6,32.6,44.9,56.9,3385,0.7,5.5,0.2,0,16,66.3,8436.4,18,18.6,0.6,0.1,88.1,18840,3784,10913,2389,361,1393,12544,2814,2015,95.3,100,93.1,0.2008493,0.5792463,0.12680467,0.019161359,0.07393843,0.6658174,0.1493631,Low
59,Greene County,1,4,1,64.1,57.1,63.2,50.5,43.4,71.8,61.8,37,45.9,59.7,6775,1.5,3.1,0.3,0.9,18,66.1,8282.5,18.9,18.1,5.7,0,93.7,57230,13245,30329,8541,1097,4018,37107,9134,2015,92.8,101.17712,95.6,0.2314346,0.5299493,0.14923991,0.019168268,0.07020793,0.6483837,0.1596016,Medium
59,Greene County,5,5,5,83.2,90.2,77.7,86.1,59.3,87.3,75.1,66,65.5,74.2,2674,9.8,7.8,0.9,3,16.6,47.2,10862.5,21.3,9.1,4.5,0,98.6,57230,13245,30329,8541,1097,4018,37107,9134,2015,95.9,98.4,95.6,0.2314346,0.5299493,0.14923991,0.019168268,0.07020793,0.6483837,0.1596016,High
61,Grundy County,1,1,1,47.9,41.7,51.9,41.9,32.4,62,62,36.7,37.8,47.7,2105,0.2,1,0.1,0.4,19,81.2,9087.9,17.6,18.1,0.3,0,90,11062,2694,5350,1608,417,993,8868,2291,2015,94.3,97.2,92.5,0.2435364,0.4836377,0.1453625,0.037696619,0.08976677,0.8016634,0.2071054,Medium
63,Hamblen County,5,4,5,76.7,63.3,70.9,43.9,48,74.1,68,41.1,58.3,69.3,9917,6.7,21.7,0.4,11.9,13.7,64.3,8109.2,19.7,5.2,3.7,0.4,91,50733,11912,26045,7558,861,4357,30767,7727,2015,97,99.5,97.9,0.2347979,0.5133739,0.14897601,0.016971202,0.08588098,0.6064495,0.1523072,Medium
65,Hamilton County,1,1,1,60.9,43.6,57.6,31.2,44.8,67.6,59.8,33,54.9,59.7,41904,31.1,9.6,0.2,5,12.7,60.5,9728.8,18.9,14.1,7.9,0.6,82.6,286248,88662,137284,36545,5198,18559,155711,55138,2015,96,98.5,92.8,0.3097384,0.4795981,0.12766901,0.018159079,0.06483539,0.5439724,0.1926232,Low
67,Hancock County,1,1,1,51.3,38.2,32,14.3,26.2,57.3,53.2,30.2,28.2,42.6,946,0.6,0.7,0.2,0.4,20.1,81.6,9762.1,17.4,18.6,0.8,0,89.5,5477,1310,2834,690,94,549,4047,1056,2015,95,98.6,92.2,0.239182,0.5174366,0.12598138,0.01716268,0.10023736,0.7389082,0.1928063,Low
69,Hardeman County,1,1,1,52.4,32.9,47,27.2,36.3,61.2,50.8,24.2,48,50,3679,53.5,1.7,0.1,0,15.2,81.8,9820.7,17.7,12.5,8.7,0.1,86.3,21900,7693,8996,3018,668,1525,16231,6375,2015,94.9,97.7,96.3,0.3512785,0.4107763,0.13780822,0.030502283,0.0696347,0.7411416,0.2910959,Low
71,Hardin County,1,2,1,57.6,61.3,57.4,49.2,43.6,72.4,58.4,47.6,43.4,63,3474,5.9,2.3,0.4,0.2,17.4,75.1,8709.4,18.9,17.5,2.8,0.4,91,21464,4436,10997,3479,343,2209,13244,2795,2015,97.7,99,95.6,0.2066716,0.5123463,0.16208535,0.015980246,0.10291651,0.6170332,0.130218,Medium
73,Hawkins County,1,1,1,69.7,51.4,58.4,45.3,45.7,70.3,55.5,45.1,54.1,65.8,6900,1.9,2.5,0.3,0.3,15.5,61.6,9131.7,19.3,13.5,5.1,0.2,91.5,46741,10299,24616,6436,1327,4063,30411,7344,2015,95.3,98.2,94.5,0.2203419,0.5266468,0.13769496,0.028390492,0.08692583,0.6506279,0.1571212,Medium
73,Hawkins County,3,4,4,102.30949,97.76086,75.23857,79.791006,61.6,82.1734,65.90674,66.60965,65.3,80.2,617,4.2,2.3,0.3,1.7,11.7,52.2,9441.7,21.60782,8.8,0,0,97.0868,46741,10299,24616,6436,1327,4063,30411,7344,2015,95.3,99.62616,98.148,0.2203419,0.5266468,0.13769496,0.028390492,0.08692583,0.6506279,0.1571212,High
75,Haywood County,1,1,1,57.6,32,46.1,28,33.9,61.6,43.6,28.6,44.5,43.5,2879,63.2,7,0,1.9,14.4,75.7,9888.4,17.4,13.1,3,0,85.2,14664,4727,6301,1869,596,1171,12052,4164,2015,95.9,99.3,94.3,0.3223541,0.4296918,0.12745499,0.040643753,0.07985543,0.8218767,0.2839607,Low
77,Henderson County,5,5,5,86,88.4,76.4,53.7,53.3,81.1,77.7,51.8,72.1,71.2,3781,8.1,2.2,0,0,14.5,61.4,8412.5,19.5,10.8,0,0,96.4,22505,5252,11585,3245,746,1677,16461,4013,2015,95.5,98.7,93.9,0.2333704,0.5147745,0.14419018,0.033148189,0.07451677,0.7314375,0.1783159,High
77,Henderson County,1,1,2,82.17959,67.33238,58.45349,43.285127,46.7,71.98816,67.3056,39.56844,67,70.2,925,25,6.5,0.1,1.9,13.2,62,9925.9,19.441,10.8,0,0,86.42772,22505,5252,11585,3245,746,1677,16461,4013,2015,95,100,91.81062,0.2333704,0.5147745,0.14419018,0.033148189,0.07451677,0.7314375,0.1783159,Low
79,Henry County,3,1,3,78.5,57.9,83.8,59.2,52.7,76.6,70.3,56.4,68.6,78.1,2946,7.2,2.3,0.1,0,12.9,60.3,9285,19.6,8.4,0.3,0,92,26666,5290,14730,4119,460,2067,13883,2879,2015,95.7,99,94.6,0.19838,0.5523888,0.15446636,0.017250431,0.07751444,0.5206255,0.1079652,Medium
79,Henry County,4,2,3,100,79.74705,73.0824,58.578894,52.3,70.13928,64.90917,51.36214,60.6,76.6,1655,25.9,2,0,0.7,17.7,63.6,8840.9,20.49523,6.9,2.4,0,96.15502,26666,5290,14730,4119,460,2067,13883,2879,2015,96.1,100.27917,95.04431,0.19838,0.5523888,0.15446636,0.017250431,0.07751444,0.5206255,0.1079652,High
81,Hickman County,2,3,1,40.2,22.6,54.2,45.1,48.9,60.3,57.5,31.3,58.1,68,3439,3.2,1.7,0.5,0.6,18.1,69.1,8965.8,18.4,17.3,1.6,0,92.5,19980,5245,9814,2927,566,1428,13842,4033,2015,94.3,50,90.5,0.2625125,0.4911912,0.1464965,0.028328328,0.07147147,0.6927928,0.2018519,Medium
83,Houston County,3,1,4,58.6,64.9,69.4,34,44.5,60.4,66.4,48.6,55.9,63,1298,5.1,2.2,0.7,0,16.3,56.7,9187.7,19.2,26.3,0.2,0,95.8,6689,1509,3796,776,84,524,4427,1250,2015,90.8,101.34108,92.5,0.2255943,0.5674989,0.11601136,0.012557931,0.07833757,0.6618329,0.186874,High
85,Humphreys County,1,1,1,51.7,38.2,74.1,45.6,47,77.1,73.8,42.8,51.3,67.8,2738,4.6,1.9,0.4,0.4,15.6,58,8856.2,18.9,13.5,1.5,0.1,84.5,14976,3222,8203,2316,221,1014,9922,2288,2015,94,94.5,95.5,0.2151442,0.5477431,0.15464744,0.014756944,0.06770833,0.6625267,0.1527778,Low
87,Jackson County,1,2,1,45.9,33.3,68.9,50,42.8,61.8,47.3,46.3,45.3,64.7,1505,0.9,1.5,0.3,0,19.7,83.4,9165.8,18.4,8.2,0,0,87.4,9683,2203,4920,1370,274,916,6482,1705,2015,95.1,95.31953,94.3,0.2275121,0.508107,0.14148508,0.028297015,0.09459878,0.6694206,0.1760818,Low
89,Jefferson County,5,5,5,80.4,53.7,76.5,49.5,40.9,76.4,70.1,38.1,50.2,62.2,7136,3.2,7,0.3,3.8,12.6,62.1,8627.7,19.5,13.2,1.8,0,89.7,43565,10545,23262,5587,1043,3128,25113,6697,2015,95,98.9,93.2,0.2420521,0.5339607,0.12824515,0.023941237,0.07180076,0.576449,0.1537243,Low
91,Johnson County,1,1,1,74.7,40,65.2,33.3,49.8,67.1,50,23.5,52,70.8,2069,0.7,3.8,0.2,1.3,18.5,80.9,10449.2,19.2,12.3,0,0,98.6,15371,3545,8200,2144,370,1112,6973,1735,2015,94.9,99.6,96.2,0.2306291,0.5334721,0.13948344,0.024071303,0.07234402,0.4536465,0.1128749,High
93,Knox County,5,5,5,73.1,62.8,70.3,49.6,53.3,76.8,71.3,45.3,55.2,68.4,56383,16.6,7.2,0.4,4.3,13.9,40,9043,20.7,9.4,6.1,0,88.7,364834,113816,178842,43838,6177,22161,205982,71973,2015,96.3,99.6,94.3,0.3119665,0.490201,0.12015876,0.016930988,0.06074269,0.564591,0.197276,Low
95,Lake County,1,1,1,22.9,44.56423,25,36.5,32.5,36.8,34.6,31.7,34.7,45.6,807,30.2,3.3,0.1,0.1,18.6,77,10813,16.4,31.2,5.5,0.1,89.4,6623,2567,2180,1118,265,493,4666,1874,2015,94.1,97.2,91.7,0.3875887,0.329156,0.16880568,0.040012079,0.07443757,0.7045146,0.2829533,Low
97,Lauderdale County,5,4,5,79.9,63.6,51.9,32.6,40.5,62,57.6,37.4,53.6,62,4263,43.6,3.1,0.9,0.9,17.1,81.3,8877.3,17.6,9.5,6.7,0,97,22148,7530,9075,3157,791,1595,16650,5973,2015,95.6,99.7,96.4,0.3399856,0.4097435,0.14254109,0.035714286,0.07201553,0.7517609,0.2696858,High
99,Lawrence County,4,2,5,87.2,63.3,75.9,55.8,57.3,77.9,70.1,38.8,69.1,75.4,6434,3.4,2.5,0.2,0.6,14.2,50.5,8387.1,19.2,20.7,2,0,94.5,33344,7321,18398,4180,752,2693,22458,5292,2015,98.7,97.7,94.6,0.2195597,0.5517634,0.12535988,0.022552783,0.08076416,0.6735245,0.1587092,Medium
101,Lewis County,1,1,1,54.1,23.5,52.7,24.4,47.6,68.2,62.3,31,50.2,57.4,1758,3.3,2.4,0.5,0,14.9,72.1,7985.1,18.5,19.4,1,0,87.1,9743,2011,5586,1247,35,864,5963,1406,2015,98.2,95,95,0.2064046,0.5733347,0.12798933,0.003592323,0.08867905,0.6120291,0.1443087,Low
103,Lincoln County,5,5,5,77,62.3,77.3,56.7,57.7,75.6,74.5,52.3,66.5,75.6,3798,3.4,4.2,0.4,1.2,13.6,57,8153.4,19.6,14,2.4,0,95.4,27263,6368,14148,3520,640,2587,14234,3262,2015,98.8,96.7,93.3,0.2335766,0.5189451,0.12911272,0.023475039,0.09489051,0.5220995,0.1196493,High
103,Lincoln County,3,4,3,63.2,56,63.9,44.2,47.9,72.1,68.4,45.9,47.5,66.4,1422,31.9,5.2,0.1,1.2,13.1,53.2,8472.6,19.3,10.1,4.1,0,97.5,27263,6368,14148,3520,640,2587,14234,3262,2015,95.7,94.1,97.1,0.2335766,0.5189451,0.12911272,0.023475039,0.09489051,0.5220995,0.1196493,High
105,Loudon County,3,4,3,71.9,44.5,68.9,46.5,55.2,72.7,68.9,40.8,61.2,71.6,4639,3,10.8,0.2,3.6,13.2,54.9,8776.7,18.8,11.6,2.5,0.1,87.1,42008,8017,25803,4481,597,3110,21530,4774,2015,96.2,99.1,92.5,0.1908446,0.6142401,0.10667016,0.014211579,0.07403352,0.5125214,0.113645,Low
105,Loudon County,3,2,5,66.6,76.7,65.3,54.4,33.8,76.8,68.8,49,45.1,58.4,2238,2.8,25.3,0.5,11.2,14.7,63.3,9135.6,18.9,15.9,5.8,0.3,90.8,42008,8017,25803,4481,597,3110,21530,4774,2015,95.7,99.3,93.3,0.1908446,0.6142401,0.10667016,0.014211579,0.07403352,0.5125214,0.113645,Medium
107,McMinn County,4,5,1,78.2,47.2,71.6,35.4,47.6,68.7,69,45.2,51.9,67.4,5529,5.5,4.8,0.3,0.1,12.7,65.5,7869.6,18.9,15.3,4.3,0,95.7,43058,10332,22418,6124,778,3406,28556,7555,2015,94.3,99.4,93.1,0.2399554,0.5206466,0.14222676,0.018068652,0.07910261,0.6631985,0.175461,High
107,McMinn County,5,5,5,100,101.18425,53.25392,78.416881,52.9,74.19757,65.88426,53.77908,59.4,62.5,1504,16.5,8,0.4,0.1,13.8,73.7,10444.7,19.37645,6.8,1.9,0,93.23357,43058,10332,22418,6124,778,3406,28556,7555,2015,95.9,98.7,98.40775,0.2399554,0.5206466,0.14222676,0.018068652,0.07910261,0.6631985,0.175461,Medium
107,McMinn County,1,2,1,69.60445,56.75162,68.4552,54.966342,38.8,68.01954,46.18562,31.87774,40.2,66.5,310,6.8,4.1,0.6,0,15.1,74,10807.6,19.32856,13.6,3.6,0,94.01479,43058,10332,22418,6124,778,3406,28556,7555,2015,94.2,96.8,92.37093,0.2399554,0.5206466,0.14222676,0.018068652,0.07910261,0.6631985,0.175461,Medium
109,McNairy County,5,3,5,59.2,62,60,36.1,47,69.6,65.2,53.3,59.4,63.9,4136,8.2,1.6,0.1,0.2,13.1,58.1,7790.4,18.6,4.7,1.1,0,94.3,21221,4574,11244,3187,509,1707,14014,3283,2015,100,97.7,100,0.2155412,0.5298525,0.15018142,0.023985675,0.08043919,0.6603836,0.1547052,Medium
111,Macon County,5,5,4,76.8,44.8,64.4,37.9,43,70.7,63.6,43.6,49.1,61.6,3637,0.6,8.2,0.4,2.9,17.1,62.8,8166.7,18.5,6.6,2,0.2,86,18304,3979,10348,2075,532,1370,12906,2826,2015,95.8,98,95.2,0.2173842,0.5653409,0.1133632,0.029064685,0.07484703,0.7050918,0.1543925,Low
113,Madison County,1,2,1,54.8,35.6,50.7,43.3,37.8,57.2,51.7,34.8,38.2,46.8,12280,60.5,6.7,0.1,4,14.8,78.1,9489.4,17.3,19.4,13,0.1,94.5,79140,26020,36213,10150,1858,4899,54009,19505,2015,94.4,87.7,90,0.3287844,0.4575815,0.12825373,0.023477382,0.06190296,0.6824488,0.246462,Medium
115,Marion County,1,1,3,72.5867,20.5,78.1,38.3,45.9,72.4,59.3,51.2,53.5,68.1,4029,4.9,2,0.1,0,14,65.4,8697.2,18.7,16.3,0.8,0.1,84,23320,5212,12571,2783,527,2227,16478,3982,2015,94.3,98.2,92.1,0.2234991,0.5390652,0.11933962,0.022598628,0.09549743,0.7066038,0.1707547,Low
115,Marion County,3,3,3,78.3,54.5,61.5,29.041634,51.2,81.8,88.5,25,59.4,58.6,270,6,1.1,0,0,9.8,58.6,9223.6,20.1,22.8,0,0,92,23320,5212,12571,2783,527,2227,16478,3982,2015,93.3,99.5,93.3,0.2234991,0.5390652,0.11933962,0.022598628,0.09549743,0.7066038,0.1707547,Medium
117,Marshall County,5,5,5,86.1,68,74.2,45.5,48,71.9,73.1,41.8,59.8,72.5,5208,9.4,7.7,0.4,3,12.2,53.7,8583.7,18.9,12.3,3.4,0,89.9,25051,5828,13336,3511,514,1862,15390,4015,2015,95.4,97,93,0.2326454,0.532354,0.14015409,0.020518143,0.07432837,0.6143467,0.160273,Low
119,Maury County,1,3,3,65.1,55.3,65.2,40.2,43.3,68.6,61.6,41,45.4,60.1,11586,19.2,9,0.1,3.2,15.6,55.6,9106.2,18.6,29,5,0,87,67259,17628,34142,9757,1391,4341,37175,11804,2015,93.1,98,93.5,0.2620913,0.5076198,0.14506609,0.020681247,0.06454155,0.5527141,0.1755007,Low
121,Meigs County,3,4,3,71.2,47.6,72.1,43.6,49.3,74.8,75.5,59.1,59.1,66.5,1680,1.4,1.3,0.2,0.2,19.2,69.3,8703.1,19.2,13.8,2.2,0,100,9708,1797,5408,1390,282,831,6733,1385,2015,95,99.1,92.8,0.1851051,0.5570663,0.14318088,0.029048208,0.08559951,0.6935517,0.1426658,Very High
123,Monroe County,1,2,3,62.8,51.6,66,35.6,41.5,64.4,58.6,45.4,49.5,55,5335,2.5,4.9,0.3,0.2,14.8,65.6,8566.8,17.9,12,3.9,0.1,95.2,37228,6867,22499,4232,698,2932,24005,4980,2015,95,99.7,95,0.1844579,0.6043569,0.11367788,0.018749328,0.07875792,0.6448104,0.1337703,High
123,Monroe County,3,3,5,45.17866,25.50374,60.9308,44.613907,50.1,68.59541,62.11187,30.64213,59.9,61.4,1509,7.5,9,0.2,0.4,19.6,79.1,8332,18.52677,10,2.4,0,89.78298,37228,6867,22499,4232,698,2932,24005,4980,2015,95.1,98.6,95.48945,0.1844579,0.6043569,0.11367788,0.018749328,0.07875792,0.6448104,0.1337703,Low
125,Montgomery County,5,5,5,74.1,67.9,76.8,52.8,55.6,77.2,70.6,47.9,63.5,78.1,30670,28.2,11.5,1,2.7,14.2,49.4,8675.5,19.4,6,5.3,0.3,93.4,142518,38304,77180,17166,3558,6310,43006,15957,2015,96.2,98.7,95.3,0.2687661,0.5415456,0.12044794,0.024965268,0.04427511,0.3017584,0.1119648,Medium
127,Moore County,5,5,3,78,43.5,85.1,60,54.3,90.1,73,32.4,61.9,67.8,886,3.6,0.8,0.2,0,15.3,48.5,9946.8,18.5,8.8,1.2,0,86.7,5326,1171,3056,560,72,467,3595,982,2015,96.1,99.3,96.2,0.2198648,0.573789,0.10514457,0.013518588,0.08768306,0.6749906,0.1843785,Low
129,Morgan County,1,1,1,53.1,24.3,52,25.6,34.1,66.1,55.1,32.9,35.2,50.8,3009,1,1.1,0.2,0.3,15.3,68.4,8597.9,17.9,5.7,1.4,0,97.9,18307,4561,9469,2771,353,1153,13546,3455,2015,96.7,96.5,98.2,0.2491397,0.5172338,0.15136287,0.019282242,0.06298137,0.7399355,0.1887256,High
131,Obion County,1,2,2,77.6,75.3,74.5,61.8,47.3,74,66,49.5,53.6,71.3,3435,5.6,4.5,0,0,15,59.1,8731.7,19.1,11.3,2.2,0,87.7,25469,6160,13282,3261,750,2016,16317,4464,2015,95.2,98.3,94.3,0.2418627,0.5214967,0.12803801,0.029447564,0.07915505,0.6406612,0.1752719,Low
131,Obion County,5,5,5,79.5,87.8,74,68.6,46.2,67.5,66.7,63.1,53.3,58.6,1526,41.9,10.7,0.3,4.8,11.1,67.9,9229.5,21.1,6.9,4.2,0,88.6,25469,6160,13282,3261,750,2016,16317,4464,2015,95.6,96.5,95.2,0.2418627,0.5214967,0.12803801,0.029447564,0.07915505,0.6406612,0.1752719,Low
133,Overton County,1,1,1,77.9,27.6,71.2,46.3,48.1,82.3,55.9,40,57.6,69.5,3086,1.4,0.7,0.5,0,13.5,71.5,8426.3,18.9,14,0.8,0,91.2,17975,3403,11010,2043,202,1317,12242,2572,2015,94.8,100,93.7,0.1893185,0.6125174,0.11365786,0.01123783,0.07326843,0.681057,0.1430876,Medium
135,Perry County,3,3,3,48.5,50.6,58,19,42.6,60.8,60.6,35.6,61.8,66.5,1058,3.2,2.1,0.8,0,17.1,71.7,9212,18,24.1,1.5,0,91.9,6428,1616,3363,820,106,523,4366,1233,2015,98,96.8,97.1,0.2514001,0.5231798,0.12756689,0.016490355,0.08136279,0.6792159,0.1918171,Medium
137,Pickett County,1,1,1,85.9,33.3,69.4,29.9,33.5,77,65.2,29.1,28.9,52.7,733,0.8,2.3,0,0,14.7,65.3,8184.2,19.7,13.6,0.1,0,94.4,4329,574,2889,406,86,374,2378,439,2015,94.1,96.4,94.6,0.1325941,0.6673597,0.09378609,0.01986602,0.08639409,0.5493185,0.1014091,Medium
139,Polk County,3,2,3,60.5,59.9,70.2,43.6,41.6,64.1,54.8,41.1,53.7,55.8,2388,1.2,2.3,0.2,0,13.9,70.5,8629.2,17.9,16,1.4,0,87.6,13893,2818,7911,1783,257,1124,8276,1872,2015,93.7,99.6,95,0.202836,0.5694235,0.12833801,0.018498524,0.08090405,0.5956957,0.1347441,Low
141,Putnam County,1,1,1,65.53888,32.07333,73.9,40.6,48.9,74.9,69.1,36.3,53.4,67.7,10439,4.2,11.4,0.4,6.3,17.7,55,8815.7,19.6,8.8,3.2,0,92.6,60862,18901,29374,7803,923,3861,36553,12974,2015,96.1,99.1,95.8,0.310555,0.4826328,0.12820808,0.015165456,0.0634386,0.6005882,0.2131708,Medium
143,Rhea County,3,3,3,75.8,56,62.3,55.6,47.5,71.3,68.8,48.1,59.8,66.8,4174,2.1,7.7,0.4,2.9,12,70.1,9006,18.6,19.8,3.9,0,85.3,26253,6330,13350,4248,820,1505,16720,4094,2015,94.4,94.62376,91.5,0.2411153,0.5085133,0.16181008,0.031234526,0.05732678,0.6368796,0.1559441,Low
143,Rhea County,1,2,1,91.7,64.3035,65.89423,69.641571,47.5,77.08735,62.04068,52.39076,47.4,70,788,6.4,11.3,0.1,6,14,54.5,8556.7,20.40648,11.8,0.9,0,101.46257,26253,6330,13350,4248,820,1505,16720,4094,2015,94.9,97,93.74698,0.2411153,0.5085133,0.16181008,0.031234526,0.05732678,0.6368796,0.1559441,Very High
145,Roane County,1,1,1,70.1,54.2,65.9,52.5,48.3,74.3,65.2,40.1,53.4,70.9,6593,5.2,1.8,0.6,0,17.3,60.2,8960,19,10.13895,0.1,0,92.8,44546,9524,24362,6238,739,3683,27710,6900,2015,98.2,98.8,97.7,0.2138015,0.5468953,0.14003502,0.016589593,0.08267858,0.6220536,0.1548961,Medium
147,Robertson County,3,5,3,73.3,58.5,65.4,42.4,47.5,78.3,67.7,42.3,55.5,58.1,11001,11.3,12.1,0.2,6.6,15.3,51.6,8077.1,19.4,10.3,4.7,0,95.1,53332,12662,30394,6059,753,3464,32761,8897,2015,99.9,95.5,99.4,0.2374184,0.5699017,0.11360909,0.014119103,0.06495162,0.6142841,0.1668229,High
149,Rutherford County,5,1,1,74.6,59.9,73,59.9,58.7,79.6,72,48.1,64.9,76.9,40841,18.6,11.6,0.2,5.9,11,39.7,8237.1,19.9,20.5,4.2,0.3,92.5,222745,70542,113674,25279,3749,9501,108166,41817,2015,96.4,99.2,97.6,0.316694,0.5103324,0.11348852,0.016830905,0.04265416,0.4856046,0.1877349,Medium
149,Rutherford County,1,1,1,47.21636,25.32091,70.30664,60.195512,49.2,80.80186,87.48234,40.41874,62,60.2,7411,28.5,12.4,0.4,8.1,14.9,52.8,9354.9,18.45989,2.4,1.1,0,83.95648,222745,70542,113674,25279,3749,9501,108166,41817,2015,97.4,99.7,94.32821,0.316694,0.5103324,0.11348852,0.016830905,0.04265416,0.4856046,0.1877349,Low
151,Scott County,1,1,1,55,35.4,52,19.5,41.6,67.5,53.2,37.1,42.1,54.6,2849,0.3,1.3,0.2,0,13.3,86.8,8241.7,16.8,9.4,3.3,0.2,85.4,17564,3931,8820,3022,408,1383,12656,3006,2015,95.4,100.8301,94.6,0.2238101,0.5021635,0.17205648,0.023229333,0.07874061,0.7205648,0.1711455,Low
151,Scott County,4,3,5,74.1,78.4,86.5,42.1,47.9,85.4,69,59.4,48.9,63.1,1221,0.7,0.5,0.2,0,10.1,63.5,8405.5,19.4,4.2,0,0,98.8,17564,3931,8820,3022,408,1383,12656,3006,2015,95.7,98.1,97.3,0.2238101,0.5021635,0.17205648,0.023229333,0.07874061,0.7205648,0.1711455,High
153,Sequatchie County,1,1,1,67.7,46.1,77.8,27.3,38.2,71.2,69.1,30.1,47.7,54.3,2166,0.6,5,1.2,1.6,17.5,68.1,7904.6,19.4,18.6,2.5,0.3,85.6,11771,2229,6621,1913,279,729,7731,1689,2015,94.4,99.1,92.1,0.1893637,0.5624841,0.16251805,0.023702319,0.06193187,0.6567836,0.1434882,Low
155,Sevier County,1,1,1,66,48.5,63.7,48.4,43.3,69.1,65.5,48.7,47.3,62.9,14024,2,8.9,0.4,5.2,14.4,63.3,9614.4,20.3,19.5,1.4,0,86.2,77163,17518,41709,10643,1910,5383,35768,8580,2015,94,98.8,92.7,0.2270259,0.5405311,0.1379288,0.024752796,0.06976141,0.4635382,0.1111932,Low
157,Shelby County,5,5,5,59.3,37.3,42.8,23.7,33,55.4,48.9,24,39.8,47.8,108936,78.4,11.3,0.1,8.3,12.9,79.8,11221.6,16.9,17.5,18.5,0.8,72.1,738098,298134,285516,84455,26570,43423,412951,200990,2015,94.7,95.3,92.9,0.403922,0.3868267,0.11442248,0.03599793,0.05883094,0.5594799,0.272308,Low
157,Shelby County,5,5,5,88,66.9,82.5,49.8,75.7,88.8,78.1,50.7,75.1,88.3,4819,16,5.3,0.4,2.2,11,13.9,7705.1,21.1,7.9,2.3,0.1,94,738098,298134,285516,84455,26570,43423,412951,200990,2015,95.8,99.6,95,0.403922,0.3868267,0.11442248,0.03599793,0.05883094,0.5594799,0.272308,Medium
157,Shelby County,5,5,4,78.1,59.5,71.8,36.2,60.6,80.3,74.6,41.6,66.2,75.9,8235,27.5,5,0.6,2.3,13.8,36.3,8857.7,20.5,9.6,4,0.3,81.3,738098,298134,285516,84455,26570,43423,412951,200990,2015,95.5,99.3,94.4,0.403922,0.3868267,0.11442248,0.03599793,0.05883094,0.5594799,0.272308,Low
157,Shelby County,5,5,5,90.2,85.6,87.4,80.4,75.1,92.5,86.2,66.2,75.7,86.8,7774,17.5,4.3,0.4,4,13.4,15,8383.2,24,5.9,2.8,0.3,93,738098,298134,285516,84455,26570,43423,412951,200990,2015,95.9,99.4,95.9,0.403922,0.3868267,0.11442248,0.03599793,0.05883094,0.5594799,0.272308,Medium
157,Shelby County,3,5,3,90,84.2,88.9,78.5,79.4,90.8,87.7,70.8,74.3,88,5624,12.3,3.1,0.3,2.6,9.8,9.6,7930.8,24.1,5.1,1.3,0,88.7,738098,298134,285516,84455,26570,43423,412951,200990,2015,96.7,99.3,96.2,0.403922,0.3868267,0.11442248,0.03599793,0.05883094,0.5594799,0.272308,Low
157,Shelby County,5,5,5,92.307,74.27111,100.34877,61.535635,83.2,91.76905,94.90182,59.84373,88.2,90.9,835,8.2,2.6,0.4,3.6,19.3,14.7,8685.3,24.98818,3.9,0,0,87.46915,738098,298134,285516,84455,26570,43423,412951,200990,2015,96.2,98.5,100.01605,0.403922,0.3868267,0.11442248,0.03599793,0.05883094,0.5594799,0.272308,Low
157,Shelby County,3,3,3,57.9,32.7,50.9,28.7,42.1,59.5,53.9,32.9,48.4,59.2,2597,38.8,11.3,0.8,3.7,16.1,75.2,8913.3,17.7,13.9,9.6,0.1,78.2,738098,298134,285516,84455,26570,43423,412951,200990,2015,95.1,98.6,93.8,0.403922,0.3868267,0.11442248,0.03599793,0.05883094,0.5594799,0.272308,Low
159,Smith County,1,1,1,55.33014,39.17001,70.6,36.5,48.3,77.4,68.4,42.5,56.9,71.3,2949,3.5,3.6,0.2,0.7,14.7,57.9,8324.1,18.5,4.8,2.1,0.1,97.4,15367,3077,9085,1795,268,1142,11003,2333,2015,96.7,98.8,96.7,0.2002343,0.5912019,0.11680875,0.017439969,0.07431509,0.7160148,0.1518188,High
161,Stewart County,3,5,3,77.6,80.7,66.7,68.9,54.8,82.5,70.7,59.4,68.9,80,1950,2.6,2.1,0.6,0.1,13.4,49.1,9003.3,19.4,22.5,1.3,0,96.1,10852,2232,6227,1493,109,791,5237,1334,2015,92.5,88.14028,94,0.2056764,0.5738113,0.13757833,0.010044231,0.07288979,0.4825839,0.1229266,High
163,Sullivan County,1,1,1,65.9,57.4,61.9,36.7,48.7,71.6,61.8,43.2,50.8,66.8,9963,1.5,1.6,0.3,0.4,17.6,58.3,9189.9,19.9,15,4.3,0.3,92.6,131103,28097,70654,18594,3073,10685,73325,19216,2015,94.9,99.2,93.7,0.2143124,0.5389198,0.14182742,0.023439586,0.0815008,0.5592931,0.1465718,Medium
163,Sullivan County,3,5,3,67.2,61.1,65.4,65.4,55.3,75.5,73.4,54.1,63.3,76.5,3922,5.7,3,0.4,1.1,15.9,50.4,9829.8,21.3,11,3.4,0,88.7,131103,28097,70654,18594,3073,10685,73325,19216,2015,95.5,98.5,93.5,0.2143124,0.5389198,0.14182742,0.023439586,0.0815008,0.5592931,0.1465718,Low
163,Sullivan County,3,3,1,87.5,75.5,83.9,71.7,58.5,82.4,77.7,49.7,67.1,75.7,6906,10.1,4,0.5,1.3,19.9,56.5,10438.8,22.2,15.8,4.6,0,90.3,131103,28097,70654,18594,3073,10685,73325,19216,2015,94.8,99.4,93.5,0.2143124,0.5389198,0.14182742,0.023439586,0.0815008,0.5592931,0.1465718,Medium
165,Sumner County,5,5,5,73.8,59.4,68.6,52.6,60.3,76,70,48.5,67.7,72.5,27724,10.8,6.5,0.3,2,15.3,36.7,8402,20.4,9.3,2.4,0,89.5,135564,32598,75429,16483,2829,8225,69450,18893,2015,97.4,98.6,96,0.2404621,0.5564088,0.12158833,0.020868372,0.06067245,0.5123042,0.1393659,Low
167,Tipton County,5,5,5,84.4,82,68.2,48.4,49.3,74.7,72.4,46.8,64.1,68.2,11029,24.7,2,0.2,0.4,16,55.5,8279.2,19.7,10.4,5.6,0,97.8,48649,13619,25228,5891,1009,2902,31557,10202,2015,95.4,97.6,93.8,0.2799441,0.5185718,0.1210919,0.020740406,0.05965179,0.648667,0.2097063,High
169,Trousdale County,3,1,2,75.6,68.4,59.3,67.9,59.8,67.8,71.3,51.7,75.8,82.1,1178,14.7,3.8,0.2,1.1,16.4,57.3,8816.6,20.8,9.2,1.1,0,96.9,6439,1853,3169,809,206,402,4650,1350,2015,95.7,98.4,93.5,0.2877776,0.4921572,0.12564063,0.031992545,0.06243205,0.7221618,0.2096599,High
171,Unicoi County,1,1,1,51.2,26.6,72.6,42.6,42.8,75.7,63.3,37.8,48.5,68.4,2362,0.6,11.4,0.3,4.8,19,66.5,9362,18.1,23.3,2.4,0,93.6,15199,3546,8025,1833,310,1485,9746,2464,2015,91.2,99.6,90.2,0.2333048,0.5279953,0.12060004,0.020396079,0.0977038,0.6412264,0.1621159,Medium
173,Union County,5,3,5,63.4,55,53.1,47,38.2,64.9,54.6,48.3,38.1,50.8,4199,6,2.9,0.4,0.4,14.1,71.9,8802.5,17.4,20.9,5.2,0.1,87.1,15486,3365,8645,2158,348,970,10509,2507,2015,95.3,99.2,91.4,0.217293,0.5582462,0.13935167,0.02247191,0.06263722,0.6786129,0.1618882,Low
175,Van Buren County,4,3,5,68.3,68.5,49.2,32.8,35.8,62.3,57.7,41.9,41.6,55.8,728,0.1,0,0,0,17.2,63.9,9622.2,18.4,10.9,0.4,0,91.5,4704,925,2436,754,129,460,3529,792,2015,96.9,95.01854,97.9,0.1966412,0.5178571,0.16028912,0.027423469,0.09778912,0.7502126,0.1683673,Medium
177,Warren County,3,2,5,63.37046,30.89976,57.3,34.7,43.7,72.5,60.7,17.7,48.6,63.7,6371,5.6,15.5,0.5,6.7,16.5,70.2,8600.8,18.4,15,1.5,0,89.1,32016,7507,16080,5300,802,2327,22099,5529,2015,94.9,98.8,92.7,0.2344765,0.5022489,0.16554223,0.025049975,0.07268241,0.6902486,0.1726949,Low
179,Washington County,1,1,1,67,48.7,67.6,58.9,55,74.4,67.9,50.5,61.7,71,8546,2.5,3,0.4,0.6,14.3,48.2,8500.9,20.2,14.7,1.3,0.1,91,104739,29911,53178,13208,1792,6650,59207,18159,2015,95.2,97.3,92.1,0.2855765,0.5077192,0.12610393,0.017109195,0.06349115,0.5652813,0.1733738,Medium
179,Washington County,5,5,5,86.1,86.4,81.7,65,67.3,82.7,78,63.8,73.7,77.6,7669,14.4,8.7,0.2,4.9,13.7,49.5,9434.3,21.8,8.3,3.3,0.2,90.4,104739,29911,53178,13208,1792,6650,59207,18159,2015,95.8,99.4,93.7,0.2855765,0.5077192,0.12610393,0.017109195,0.06349115,0.5652813,0.1733738,Medium
181,Wayne County,1,1,1,71.8,56,69.5,29.7,36.9,78.1,68.9,32.9,42.6,60.3,2215,1.2,1.7,0.2,0.1,19.1,43.6,9505.6,18.2,19.7,0,0,95.8,14389,3876,7179,1982,271,1081,8502,2328,2015,93.8,97.2,92.9,0.2693724,0.4989228,0.13774411,0.018833831,0.07512683,0.590868,0.1617903,High
183,Weakley County,1,2,1,79.3,64.3,81.2,50.7,55.4,83.6,71.7,60.3,59.1,75.9,4209,9.9,2.3,0.1,0.1,14.1,58,8439.3,19.7,9.9,4.4,0,93,28865,9051,14130,3132,431,2121,20197,6738,2015,95.5,96.1,93.7,0.3135631,0.4895202,0.10850511,0.014931578,0.07347999,0.6997055,0.2334315,Medium
185,White County,2,1,4,80.3,58.6,82.8,20.2,47.2,78.5,72.1,49.8,59,68.2,3871,3.6,2.1,0.2,0.5,16.7,66.7,7721.1,18.7,8.4,0.8,0,92.5,21432,4816,11559,2895,296,1866,13678,3648,2015,96.1,98.2,95.3,0.2247107,0.5393337,0.13507839,0.013811124,0.08706607,0.6382046,0.1702128,Medium
187,Williamson County,2,3,1,90.3,84.8,89.2,81,80.7,92.9,88.7,68.6,80.3,91.1,34395,5,5.3,0.7,1.7,10.2,9.6,8739.7,23.8,7,0.2,0,94.4,153161,32946,101106,12055,940,6114,55313,16786,2015,96.7,99.9,94.9,0.215107,0.6601289,0.07870803,0.006137333,0.03991878,0.3611428,0.1095971,Medium
187,Williamson County,3,5,3,100,94.39778,78.5004,110.794126,69.1,97.15268,94.87087,71.29669,73.2,83.3,3515,15.5,24,0.7,12.2,12.5,38.9,13386.3,23.3489,3.2,0.3,0,86.40572,153161,32946,101106,12055,940,6114,55313,16786,2015,97.3,99.8,99.8441,0.215107,0.6601289,0.07870803,0.006137333,0.03991878,0.3611428,0.1095971,Low
189,Wilson County,5,5,5,69.8,58,74.1,45.4,60.6,78.1,76.1,44,65.3,81.9,16507,8.1,4.6,0.1,2.2,14.4,29.2,7690.8,20,11.6,4.8,0,96.3,97869,22605,55410,12370,1934,5550,52467,14724,2015,95.8,99.5,94.3,0.230972,0.566165,0.12639344,0.019761109,0.05670846,0.5360942,0.150446,High
189,Wilson County,5,5,1,100,80.73027,82.48593,70.377729,49.8,91.64778,86.21532,42.46708,52.6,71.3,3572,18.4,13,0.4,9.2,14,61.9,8444.1,21.68235,8.4,4.9,0,98.15298,97869,22605,55410,12370,1934,5550,52467,14724,2015,98.7,99.2,95.50706,0.230972,0.566165,0.12639344,0.019761109,0.05670846,0.5360942,0.150446,High
157,Shelby County,1,2,2,34,20.4,20.6,8.296252,14.3,37.8,33,8.2,23.3,26.1,6370,96.7,1.5,0,1.1,12.9,96.6,12804.4,14.2,27.2,21.4,0.1,54.7,738098,298134,285516,84455,26570,43423,412951,200990,2015,91.9,91.6,92,0.403922,0.3868267,0.11442248,0.03599793,0.05883094,0.5594799,0.272308,Low
